title,price,link
kemeja christian dior striped garis garis /prada/balenciaga/issey/,,https://www.carousell.com/p/kemeja-christian-dior-striped-garis-garis-prada-balenciaga-issey-1436981103/?t-id=Q_Uot1bSAh_1778343077066&t-referrer_browse_type=seller&t-referrer_page_type=profile&t-referrer_request_id=IbFLFgdsiSR6vuF1&t-tap_index=0
kemeja orange soda kr double pocket /uniqlo/zara/hnm/,,https://www.carousell.com/p/kemeja-orange-soda-kr-double-pocket-uniqlo-zara-hnm-1436980709/?t-id=Q_Uot1bSAh_1778343077066&t-referrer_browse_type=seller&t-referrer_page_type=profile&t-referrer_request_id=IbFLFgdsiSR6vuF1&t-tap_index=1
kemeja polo ralph lauren striped garis garis /burberrys/prada/balenciaga/uniqlo/,,https://www.carousell.com/p/kemeja-polo-ralph-lauren-striped-garis-garis-burberrys-prada-balenciaga-uniqlo-1436980415/?t-id=Q_Uot1bSAh_1778343077066&t-referrer_browse_type=seller&t-referrer_page_type=profile&t-referrer_request_id=IbFLFgdsiSR6vuF1&t-tap_index=2
kemeja calvin klein jeans /uniqlo/zara/hnm/,,https://www.carousell.com/p/kemeja-calvin-klein-jeans-uniqlo-zara-hnm-1436980108/?t-id=Q_Uot1bSAh_1778343077066&t-referrer_browse_type=seller&t-referrer_page_type=profile&t-referrer_request_id=IbFLFgdsiSR6vuF1&t-tap_index=3
kemeja gu open collar /uniqlo/zara/hnm/,,https://www.carousell.com/p/kemeja-gu-open-collar-uniqlo-zara-hnm-1436979814/?t-id=Q_Uot1bSAh_1778343077066&t-referrer_browse_type=seller&t-referrer_page_type=profile&t-referrer_request_id=IbFLFgdsiSR6vuF1&t-tap_index=4
kemeja armani exchange /issey/uniqlo/zara/,,https://www.carousell.com/p/kemeja-armani-exchange-issey-uniqlo-zara-1436979553/?t-id=Q_Uot1bSAh_1778343077066&t-referrer_browse_type=seller&t-referrer_page_type=profile&t-referrer_request_id=IbFLFgdsiSR6vuF1&t-tap_index=5
kemeja uniqlo bahanya cakep /zara/hnm/gap/,,https://www.carousell.com/p/kemeja-uniqlo-bahanya-cakep-zara-hnm-gap-1436979273/?t-id=Q_Uot1bSAh_1778343077066&t-referrer_browse_type=seller&t-referrer_page_type=profile&t-referrer_request_id=IbFLFgdsiSR6vuF1&t-tap_index=6
kemeja batik lengan pendek /keris/semar/uniqlo/zara/,,https://www.carousell.com/p/kemeja-batik-lengan-pendek-keris-semar-uniqlo-zara-1436978975/?t-id=Q_Uot1bSAh_1778343077066&t-referrer_browse_type=seller&t-referrer_page_type=profile&t-referrer_request_id=IbFLFgdsiSR6vuF1&t-tap_index=7
kemeja checkered global work cakep /uniqlo/zara/hnm/,,https://www.carousell.com/p/kemeja-checkered-global-work-cakep-uniqlo-zara-hnm-1436978655/?t-id=Q_Uot1bSAh_1778343077066&t-referrer_browse_type=seller&t-referrer_page_type=profile&t-referrer_request_id=IbFLFgdsiSR6vuF1&t-tap_index=8
kemeja chambray dkny /uniqlo/zara/hnm/,,https://www.carousell.com/p/kemeja-chambray-dkny-uniqlo-zara-hnm-1436978300/?t-id=Q_Uot1bSAh_1778343077066&t-referrer_browse_type=seller&t-referrer_page_type=profile&t-referrer_request_id=IbFLFgdsiSR6vuF1&t-tap_index=9
kemeja givenchy butuh cuci,,https://www.carousell.com/p/kemeja-givenchy-butuh-cuci-1436978031/?t-id=Q_Uot1bSAh_1778343077066&t-referrer_browse_type=seller&t-referrer_page_type=profile&t-referrer_request_id=IbFLFgdsiSR6vuF1&t-tap_index=10
kaos mooneyes hanes ancur buluk bgt wkwk /uniqlo/stussy/fotl/,,https://www.carousell.com/p/kaos-mooneyes-hanes-ancur-buluk-bgt-wkwk-uniqlo-stussy-fotl-1436819036/?t-id=Q_Uot1bSAh_1778343077066&t-referrer_browse_type=seller&t-referrer_page_type=profile&t-referrer_request_id=IbFLFgdsiSR6vuF1&t-tap_index=11
kemeja open collar rtw /uniqlo/zara/,,https://www.carousell.com/p/kemeja-open-collar-rtw-uniqlo-zara-1436818952/?t-id=Q_Uot1bSAh_1778343077066&t-referrer_browse_type=seller&t-referrer_page_type=profile&t-referrer_request_id=IbFLFgdsiSR6vuF1&t-tap_index=12
playboy cover magazine /stussy/visvim/isseymiyake/yohji/,,https://www.carousell.com/p/playboy-cover-magazine-stussy-visvim-isseymiyake-yohji-1436818879/?t-id=Q_Uot1bSAh_1778343077066&t-referrer_browse_type=seller&t-referrer_page_type=profile&t-referrer_request_id=IbFLFgdsiSR6vuF1&t-tap_index=13
vintage xlarge kaos /subware/hectic/stussy/bape/,,https://www.carousell.com/p/vintage-xlarge-kaos-subware-hectic-stussy-bape-1436818817/?t-id=Q_Uot1bSAh_1778343077066&t-referrer_browse_type=seller&t-referrer_page_type=profile&t-referrer_request_id=IbFLFgdsiSR6vuF1&t-tap_index=14
kemeja cdg comme des garcons /stussy/helmutlang/visvim/,,https://www.carousell.com/p/kemeja-cdg-comme-des-garcons-stussy-helmutlang-visvim-1436818774/?t-id=Q_Uot1bSAh_1778343077066&t-referrer_browse_type=seller&t-referrer_page_type=profile&t-referrer_request_id=IbFLFgdsiSR6vuF1&t-tap_index=15
uniqlo u oversize pocket tee striped /zara/hnm/gap/dickies/,,https://www.carousell.com/p/uniqlo-u-oversize-pocket-tee-striped-zara-hnm-gap-dickies-1436818712/?t-id=Q_Uot1bSAh_1778343077066&t-referrer_browse_type=seller&t-referrer_page_type=profile&t-referrer_request_id=IbFLFgdsiSR6vuF1&t-tap_index=16
camber pocket tee /hanes/fotl/gildan/uniqlo/,,https://www.carousell.com/p/camber-pocket-tee-hanes-fotl-gildan-uniqlo-1436818649/?t-id=Q_Uot1bSAh_1778343077066&t-referrer_browse_type=seller&t-referrer_page_type=profile&t-referrer_request_id=IbFLFgdsiSR6vuF1&t-tap_index=17
hoodie jmb uniqlo jack johnson /gap/dickies/stussy/,,https://www.carousell.com/p/hoodie-jmb-uniqlo-jack-johnson-gap-dickies-stussy-1436818582/?t-id=Q_Uot1bSAh_1778343077066&t-referrer_browse_type=seller&t-referrer_page_type=profile&t-referrer_request_id=IbFLFgdsiSR6vuF1&t-tap_index=18
workshirt semanticdesign splatter 4 pocket /cdg/visvim/wtaps/undercover/,,https://www.carousell.com/p/workshirt-semanticdesign-splatter-4-pocket-cdg-visvim-wtaps-undercover-1436818517/?t-id=Q_Uot1bSAh_1778343077066&t-referrer_browse_type=seller&t-referrer_page_type=profile&t-referrer_request_id=IbFLFgdsiSR6vuF1&t-tap_index=19
